clean_summaries,clean_texts
not good,candy described middle almost hard silky smooth filling described br looks tastes like way past expiration date br would never reccommend paid good chunk cash nothing
is this serious       bucks  ,people really paying bucks chocolates ummmm go grocery store bag wow
a little more watery than other  nd foods for eb,little baby picky eat sometimes one watery others keep mind reviewing baby food objective since children different hope letting know consistency texture help
wonderful fudge,bought lb five different mo fudge recently school fundraiser much chocolate fudge eater prefer peanut butter dark chocolate fudge incredible rich creamy almost creamy throw fridge make easier cut fudge turn chocolate fudge lover
good popcorn  poor shipping,good popcorn purchased hawaii happy see order online however purchase pack overstuffed box bubble wrap type wrapping around individual packages put box choose small box barely fix twenty packages overstuffed point box longer squared rounded somewhat postal service treat package care arrived wet stain opened two packages damaged butter leaked packages spend long time washing packages greasy greasiness wash easily even soap eating packages popcorn got water washing air tight packages popping lot unpopped kernels use bigger boxes wrap better
surprisingly tasty,surprisingly tasty thin crip cracker like good snacking got husband low sodium diet great travel easy finding prepackaged low sodium foods taste good work quite well
thanks for the best hot cocoa outthere ,finally found hot cocoa keurig sweet made cup day came mail first sip hooked hot cocoa drink
best energy drink hands down  ,love products sugar free regular great feel refreshed absolutely crash taste stopped drinking monster full throttle started drinking exclusive
the best graham crackers but no longer available,buying new morning graham crackers since february never problem damage crackers shipping br amazon remove graham crackers subscribe save amazon remove graham crackers prime crackers much higher price third party seller purchase crackers whole foods fair amazon take away connivence ordering case
great but stale,like dessert delights line one better flavors carton received contains packs stale sticks stiff difficult chew flavor disappears within minutes quite disappointed would dump old products customers
best syrup ever,highland sugarworks syrup delicious syrup ever entire family loves rich sweet perfect
my dog loves greenies,great size evening snack dog loves insists one two every night
no more big after dinner belches    ,doggie always ate food one gulp let huge burp eating gulped fast eating much slower work product new help still turns interactive play toy rather feeder never gets frustrated fun drag around rope durable fun easy fill think little pricey br get drink water slower
i have liked every kind that i have tried,latest purchase honey wheat variety hi protein spelt varieties past really enjoyed three br br honey wheat good taste crunch took five pretzels get used compared normal pretzels really got like taste also like ingredients nutrition following found web adding convenience br br ingredients organic unbleached wheat flour organic whole wheat flour organic honey organic sugar organic sunflower oil salt yeast soda br br nutritional facts serving size pretzels g calories per serving calories fat total fat g saturated fat g cholesterol mg sodium mg total carbohydrates g dietary fiber g sugars g protein g br br typical advice watch sales got honey wheat oz bags pack twelve dollars october price decided try writing almost sixty dollars dollar bag recommend everyone five dollars bag say would pay much pretzel oz bag
best loganberry jam,jam best loganberry found recent years loganberry jam hard find retail stores told berries longer commercially viable berries something berries ripening different times pioneer valley loganberry jam fresh tart flavor true flavor fresh loganberries
perfect   green  cutting board,glad purchased cutting board glad able support something relatively local u made perfect size someone cooks people take much space cabinet counter cutting also good looking cutting board
popcorn ordering clerk,purchased popcorn popper looks like theatre little smaller great northern popcorn ounce portion packs great deal popcorn taste great everyone center loves people charge popping love one measure anything also order popcorn sacks works great center fun days purchased order discount tommy price popcorn popcorn popper great got good deal arrived fast got popping right away
dee lish,great northern brand popcorn good seems like kernals pop another brand family
best tea ever ,become seriously addicted tea love flavor smell tea tastes great hard find stores find stock also looking whether decaf version tea would probably drink x
happy dog,received free sample science diet papillon part bzz agent little hesitant try heard stories others used happy tried dog happy old dog food would feed morning would never want eat later day since switched real excited getting food eats right away
great stuff ,make dark rye bread wife love occasionally find flour local grocery store lately harder find ordering online makes things much easier good quality flour keeps well freezer ready use
kitty is in love ,stuff looks disgusting really like meat soup pureed cat goes nuts chirps tiny cat meow whenever get morning come home work put dry food used love definitely switch spot stew dry next time buy looks like evil wants succulent salmon
  stars but,admit hottest pepper ever tried br believe tried hundreds br br hot first minute br however like seen videos internet br cry roll floor something taste br br problem price ounces including shipment becomes meaningless pointless let us say br check numbers without shipping cost br oz br oz br oz br lbs oz br br tell bottle costs logistics carbon footprint etc br pricing strategy wrong heat level vs price worthy br heat level justify high price br br opinion including production cost labor management logistics etc think pepper worth oz come back buy lot adjust price bubble
great decaffeinated chai,wife drinks cups hot decaf chai every week found decaf version brand hard find local stores went trusty amazon found product tastes good drink night sleep problems ordered regularly amazon past year half
my dogs love these ,three dogs love usually give one puppy displays need chew teething great also occupies three long well calming love flavors
weird taste  maybe spoiled ,getting vitacoco decided try brand first impression tasted weird maybe little spoiled subsequent tastings elicit ok much still prefer vitacoco point br br couple update review change mind
amazing ,banana nut bread bar absolutely delicious perfectly moist yummy full flavor would love eat snack everyday
there are a great gluten free snack ,daughter always want eat ol ol lunch bag looking cracker sort snack time celiac patient years old cannot easy try always find something substitute feel different peers great snack since also healthy eating family try keep away overly processed snacks feel pretty good comprises crackers cheese stick standby trying flavors
easy to carry liquid sweetener,ez sweetz perfect carry sweetens iced tea hot coffee aftertaste graininess might get powder packets close tightly prevent build around lid
excellent deal,great product begin favorite green tea great value well packaged received within expected time period
one of the best around   ,far one best alternatives canned tomato sauces tastes great alerted local supermarket stock health conscious want acid tomato sauce want
tasty  could have been thicker,soup variety tasty country vegetable split pea carrot sweet potato cinnamon squash bisque daughter really seemed enjoy split pea country vegetable varieties nice soft pieces carrot baby could chew sweet potato cinnamon bisque squash bisque thinner always add small pasta cereal convenient flavorful young palates
great cereal   not so great price,great cereal stay competitive amazon needs work thier price trader joes normally box target frequent sales
instant coffees,suppose creatures habit mine coffee lot like well made percolator coffee years ago discovered tasters choice favorite instant hands put teaspoons worth coffee cup water nuke microwave well micro anyway coffee strong tastes like espresso well strong definitely potent amazon sells price local stores free shipping real convenience love coffee looking something new
fab healthy snack ,sooo good yummy filling natural could ask
love them  yummy combination of flavors,cocoa little spice well might little spicy loved expensive
i needed to double check the package   multiple times ,surely egg hiding somewhere right br br heaping cups wheat flour yeah wait br br cookies gluten free dairy free egg free year finding allergic basically everything earth allowed try yet also watching much sugar gave shot last night swear ate four four bing bing bing bing going eat one maybe two like okay one okay ooooone make large package think honestly care shame ate four cookies br br one delicious chewy center crispy outside disgusting aftertaste read lower reviews cannot figure coming maybe years ago since improved mix gritty beany texture kept going back reading ingredients looking packaging make sure completely delusional bought non gluten free mix could delicious br br husband gluten free flipping good even use egg used ener g egg replacer lovely chewiness richness cookies sure would crumbly gross forming dough together afraid would taste weird gritty unappetizing like store bought gluten free cookies tried given trying new brands point br br could weep happy found cookie mix true treat amidst repetitive failures whole year trying find great gluten free alternatives bob red mill keep rocking bad selves
excellent take along snack for those with food allergies,year old allergic foods common traditional granola type bars wheat soy nuts tried various bars safe eat far favorite happy organic loves taste great around individually packaged makes great go
be aware of gas,bought thinking great price large pieces beef jerky dogs overlooked dimensions description mistake br second disappointment gas loose stool gave huskies unfortunately passing treats someone else drain
most of the bags were open,eaten krinkle cut salt pepper chips years excited find amazon bought pack specifically would fresh every time opened opposed buying oz larger bag br br went get bag evening noticed slightly open chips stale checked rest bags box open think may oil chips seeped seal loosened glue br br called amazon customer service csr pretty rude first question asked report earlier duh maybe notice problem happy amazon customer service past buying dollars product christmas season hopefully cranky csr indicative amazon direction customer service
snails,best since kid greece stepfather used pick fields hills greece andreas
spry green tea xylitol gum,href
our greyhound loves them,looking treat never refused left lying around greyhound loves greenies greenies great job keeping teeth good shape
loved it,great product actually used great scatter veggies well cooking meals highly recommends
the name says it all,kuding translates bitter nail honestly really tells lot taste drink tea really perspective drink tea taste health benefits knowledge traditional medicine really limited go misleading anyone effectively tea supposed help much body heat manifests different ways drinking tea tends cool body supposed help balance fact people diets include much bitter found personally drinking tea tend sweat less helps feel better taste something throw people would advise incredibly bitter start one nail work way overpowered thing drink tea hot makes much bearable
an indulgence with a bite,okay eat potato chips anyone br spicy would find hard eat br many makes indulgence br rescues people overindulgence
my favorite tea,day diet drink tea least times day love perfect large cup size th k also one decaf teas offered funky taste staple highly recommend
my dog loves these ,pug chihuahua learned time gets treat bath nail trim dried runs kitchen stares basket keep greenies knows owed reward loves greenies happy discover lite version seems enjoy much regular version much economical way hand rather buying vet dollar apiece
interesting pepper flavor,definitely unlike pepper pastes like gia amore come tubes thick like tomato paste flavor tangy hints little asian flavors though distinctly italian pepper flavors expecting specific taste texture bought pretty happy getting something experience find lot uses br br could see excellent addition spicy pasta sauce pizza sauce may also work well mixed olive oil used base spread breads pizza br br also fairly hot hot fine people like little heat anyone likes mild spiciness want pass
sirloin yes  potato and green bean  not so much,two maltese dogs male female female eat nearly anything try eat first male hardly eat unless beg liked grilled sirloin part pretty well potato green bean garnish part tended stay bowl though little girl would eventually eat usually dogs fans veggies kind surprised overall liked pretty well saying lot mostly dry dog food seen store buy dog food price determine whether start buying brand stay brand already using think dogs liked enough would willing switch price much
still love it,brand seaweed snack still lives standards shipped quickly good bought store definitely buy run
healthy snack,son loves eats lot healthy foods decides picky eater healthy way let something quick easy also lot easier throw bag awhile
dr zukes hip action,vet recommended give dog dr zuke hip action difficult find area pleased locate amazon dog loves taste moist chicken flavored squares
good stuff,baby loves months old scoop bowl feeds love salmon buy family eating healthier would nice food little easier removed package ensure getting every ounce goodness still love pouches better packages travel storing ease older children always asking baby food
loving it ,loving tea product shipped quickly though tea deep color flavor nice mild flavor love tea brew three cups tbsp tea leaves color may get lighter flavor still makes even money saving tea good hot cold
powerful punch,wow chips bite back loves salt pepper potato chips little bit much spice liking also portion little much like spice dive
good crackers,mary gone crackers excellent good healthy ingredients fresh crispy good would buy
i have tried them all ,cat mom years tried every cat litter sun looking litter cat would like tried using thick puppy pads thought found golden egg realized paws damp exiting litter box paw stamp project floors furniture good thing much creative resourceful br br finally bit humble bullet returned good faithful feline pine litter yes little tracking little fun unexpectedly step piece pine ouch hand feline pine absorb urine hide odor quite well also like idea natural product full chemicals skin irritants harm cat br br frugal advice kitty pees spot litter box like mine scoop wet litter spot add new litter fill vacant space box voila kitty box smelling fresh piney also use less litter money spend cat treats toys fun stuff instead
great taste   ,bought french vanilla cappuccino wife absolutely loved actually nice froth top make
it is instant,disappointed product instant coffee sugar powdered creamer milk taste much like coffee okay great br br also using k cup run water cycle brewer
  out of   dogs love them ,got dogs big small took time snatch hands package even gobble crunchy clearly delicious leave mess best treats grain free gluten free low carb even think stuffing something try next batch dogs loved one left left counter take dublin long sniff bark
conversion complete,long time user mccann steel cut oats quick version subscribe save order get best price like price rising gave country choice organic quick try may never go back find country choice better mccann different good way pleasing price would read reviews container inferior saved one mccann containers transfer product see reason paperboard type container fine bit floppy works also read review country choice good like chew soft oatmeal could experience standout difference mccann country choice latter much softer almost fluffy cook way proportions cup generous sometimes go bit water cup oats also hair generous times cook oats minutes surprisingly enough choose two brands better clean digestion euphemism lol would country choice say surprising one would think rougher oatmeal would better cleaning job boy oh boy days going great good start morning
cannot believe it is gluten free,unfortunately gluten free thing trend part lifestyle many darn gluten free desserts end tasting like cardboard weird gritty taste hesitant trying pie initially wrong gluten free crust tastes better ordinary pie crusts surprised really tasty especially warmed hope flavors would love see pumpkin pie thanksgiving
great treats,try stick natural products household goes double dog super mutt strong stomach mean want take chances seem like quality treats really enjoys purchased several flavors loves definitely buy
perfect little lunch box treat,know ever bad kind bar fabulous also pretty calorie dense like smaller size midmorning snack popping kid lunches teenager wants full size bars several time middle age little age like size
excellent taste ,probably one best aloe vera teas little pulp enough give good taste taste rich sure loaded sugar delicious anyway
tea,purchased tea recommendation product arrived well packaged quickly pleased product purchase
the best way to get rid of unwanted grass ,love product makes gardening easier spray get rid unwanted grass frustrating part cannot find anywhere disappeared months afraid making anymore br br one product always find shelves also like weed gone br br go gardening stores always trying convince buy product already know want works want add water mix etc want pick use get life fight way check counter worth standing ground easy use effective recommend highly
as an adult with egg and nut allergies i am a big fan,egg nut allergies big fan cherrybrook products well others taste like chalk one cookies good actually people without allergies ask mix could make home guess pretty big ringing endorsement people without allergies actually choose eat
not for my liking,normally drink organic dark french roast coffee trader joe wanted try vanilla flavored coffe liked slight vanilla flavor coffee notice much bitter flavor regular coffee think something get used drinking went right back organic french roast coffee
a taste of starbuck at home,amazed richness aroma starbucks cofee home follow instructions notice difference coffe yu buy starbucks shops home made brew br highly recommended people time wait line harsh climate area like case live continental us br also recommend coffe everyone wants enjoy life
my favorite tea,loved flavor tea regular tea bags long time naturally got keurig find made k cups happy say comes perfect use machine oz setting refreshing especially love hint spearmint mint flavor opinion right overpowering weak makes great iced tea summer well love stuff book
the quickest perfect cup of coffee ,love melitta pods convenience instant coffee getting perfectly brewed cup coffee home never wait whole pot brew drink whole pot pour part always get first cup totally delightful
just like creme soda,make natural vanilla creme soda sparkling water drops yummy doesnt spike blood sugars like sodas made artifical sweeteners sugar great diabetics
cat food,nice snack salsa watching tv kidding cats seem like supposed write words submit review
bully sticks,dogs like least last awhile huge dog takes time chew
coffee lovers only,great coffee unique taste love coffee little flare fresh great afternoon break adda scone lots whipped cream moment heaven pods cannot use keurig regular coffee pot use instead filter
great tea   great price,great roasted tea nice nutty characteristic packed well plenty price hard beat
excellent  no junk  dogs love  great price,researched medium priced good quality foods made lamb rice product actually real lamb first product followed lamb meal rice carrots peas eggs etc nonfood items required minerals balance diet taurine glucosmine natural natural products could ask plus comes bags small definitelt recommend
great deal for yummy syrups ,ordered hawaiian shaved ice pint pack time around decided try great northern polar pint pack free super saver shipping pleasantly surprised happy great northern purchases upon testing ten flavors taste delicious prefer texture shaved ice g n p syrup poured opposed hawaiian shaved ice would definitely recommend less expensive option snow cone syrup
excellent product,ive using product years glad found amazon truly authentic jamaican taste real deal
yummmyyyy     ,fantastic fig neutons better original crumbly delicious individually packaged twos also great go must love fig cookies
awesome ,dog loves nylabone much prevents chewing things supposed like furniture
it delivers   ,avid road cyclist using cytomax past three years appear make good claims reduction perceived exertion longer sustaining energy levels sufficiently experimented products able determine least benefits obtained cytomax placebo effect br br agree reviewers stated salutary effects cytomax tend especially noticeable hot weather br br consensus among several fellow local riders tropical fruit flavor far palatable agree personally noted little difference taste manufacturer began using stevia sweetener light never cloying even increase concentration bit hot days highly recommended
works but i cannot get over the taste ,valerian taste bit strong blend adds odd sweetness times make cup help lull sleep think might stick blends
great product ,great product used cycling years price right arrived fresh expiration good long time
quality  organic  and delicious,tastes like real rice mix little applesauce mashed bananas help texture give nutrition feed month old twins also mixes quickly easily milk formula bottle feedings know immense hunger large ravenous babies know talking
love the pumpkin spice  ,say never pumpkin ice cream really loved flavor artic zero sure charging amazon maybe seasonal flavor seem right thing arctic ice made whey protein flavors whey protein taste like vanilla maple okay strawberry flavor really like also coffee okay mind taste whey protein prefer ice cream taste like whey protein favorites taste like whey protein st chocolate nd pumpkin rd mint chocolate cookie like regular mint ice cream like much putting microwave slightly defrost creamy texture like whey protein try one strong whey protein taste
amazing pie crusts,bread mix makes amazing pie crust sister gluten problem wants leave bag make pie crusts also makes great cookies bread unfortunately bread require heavy duty mixer home heavy take travels
best gluten free bread mix on the market ,absolutely love bread mix makes best tasting gluten free bread crumble apart like others love whole wheat recipe uses molasses give bread whole wheat taste would definitely recommend product anyone lives gluten free life
very tasty treat,love granola packed health benefits omega fiber vitamins bear naked fruit nut go granola variety interesting tasty grains cinnamon flavor perfect without sweet br br sprinkled yogurt pancakes syrup change texture delicious ate handfuls every new combination tried delicious treat br br truly enjoy product br br one complaint expensive bear naked subscribe save buying option yet
great coffee,lavazza beans smooth super auto machine jura great aroma flavor great value pack br drink lot espresso
a healthy cookie,best tasting healthy cookie ever exception rest nana cookies allergy wheat wheat products cookie however advised calorie count shown nutrition label half cookie know eat half cookie may would recommend cookies great flavor chewy texture
ridiculous price,shipping making product buy store doesnt seller sell box decent shipping rate would worth purchasing
finally,sensitive skin cleansing face always factor always used alba products body washes great oils great would try well glad evens tone cleans smell great time smells like lemons type citrus start letting yr use acne loves
love the stacy s ,stacy fans years better nasty greasy potato chips snacks local stores reason quit carrying love always shop local gotta stacy
taste,vanilla tastes like cake batter makes hard mix flavors sweet maybe chocolate would better choice next time
wow flavor,weight lose quest lost pounds far guilty pleasure spicy crunchy eat calories love find store around amazon saved tried first time costco since search found amazon
good  but had too many fatty pieces,mostly good stuff stuff long long time decided purchase br br jerky good ran many pieces fatty felt like salty chunk fat wish would gotten pieces bag without considering pretty damn expensive stuff good br br definitely need work quality control want keep prices high stuff might go different brand
cinnabon,coffee one favorites mild full flavor sweet delicious bought amazon since cannot find stores
quite zesty mustard  ,delicious mustard watch quite zesty need aware case sensitive stomach liked lot hot husband mixed mayonnaise fine sure cleaned sinuses first taste use probably wise use little first
this tea is even winning over non tea drinkers,first product ever felt strongly enough write review tea definately gotten undeserved bad reviews chai tea supposed spicey fairly strong flavor supposed add sweetner milk vanilla decaf chai fantastic kids love guests love love everytime serve everyone wants know get made even non tea drinkers get hooked wonderful cold hot lighter spice flavor chai teas added touch vanilla instead tea really one enjoy everyday really worth try
awesome with extra awesome sauce ,ramune one coolest unique soft drinks ever seen kids dying try stuff ever since come across j box popular japanese import webshop ramune incredibly popular native japan looks like fun beginning spread states br br open bottle ramune remove top pop little plastic plunger casing use plunger pop marble seals neck bottle neck bottle two indentions hold marble tip bottle back drink keeping neck bottle clear hold bottle wrong way marble clog things avoid carbonated overflow opening pressing gently plunger depresses marble knock force sure get fountain spray br br original flavor reviewed tastes lot like sprite ramune also comes several flavors uses high fructose corn syrup cane sugar sweetener lists label usually means uses whatever cheapest world market time bottling listing also means change labeling every time change sweetener br br way fun product kids adults blast smaller portion ounces used us actually works us trying limit amount soda kids consume ramune works great occasional soda treat fun factor alone keeps us coming back ramune easy find asian market easy access one ordering amazon would recommended pack ramune run asian markets br br also safety conscious attest drinks safe never problem marble cannot find reports internet would indicate safety concerns drink choking hazard words ramune means carbonated japanese highly recommend wonderful different drink
great prices  fast delivery ,dog addicted actually fully digestible hurt anything purchased everywhere planet buy
delicious and different,liked lot unique jam never seen
great for stir fry,sauce labeled braising sauce use chinese stir fry best flavor found purpose
great flavor  good bargain,fantastic brown rice make zojirushi rice cooker tsp salt per rice maker size cup oz use good quality vegetable broth liquid brown rice cycle comes perfect every time fluffy great texture taste sometimes cooking cycle add chopped cilantro squeeze lemon though flavorful without additions br br tried rinse rice first time cooked noticed water clear bother rinsing noticed another reviewer mentioned necessary br br rice use
yummy classic,ive used corn muffin mix years always loved results whole family enjoys cornbread ask breakfast lunch dinner even snack
very good   but a little weak,tasty blend quite weak loses lot floavor iced coffee
funny dogs,box arrived dogs started dancing around box like kid infront christmas present quite funny took box acted like big bag treats really enjoying food coats seem shine
yum yum kiwi goodness,good love taste wish expensive got four kiwi seeds also good preserved taste kiwi
quick delivery  in time for christmas,pleased purchase shipping came plenty time christmas product arrived excellent condition advertised would definitely business vendor
very weak flavor,k cup included fall mix purchased disappointed saw one mix soon got soon took sip taste like spiced water barely coffee maybe would alright espresso setting keurig big cup
gum is delicious but it does have aspartame,recently told lay artificial sweeteners big fan extra bubble gum extra polar ice routine remembering favorite youth juicy fruit ordered bulk chew lot gum came surprised see juicy fruit sugar aspartame gum fine thought others know aspartame
who knew,even realize could get meatless hot dogs got niece since eat meat really good pleasantly surprised everything good concept right
overpriced on amazon ,exact product kroger even less walmart exact product kroger even less walmart exact product kroger even less walmart
good but be careful of ingredients   ,hot chocolate probably best taste instant mix tried specifically french vanilla chocolate supreme chocolate cinnamon flavors br br beware use hydrogenated oils mix shown cause heart disease
good and bad,using pamela almost year find makes yummy pancakes waffles cookies drop biscuits use replacement coating fried chicken chicken fried steak fried zuchinni br br draw back make good gravy thin watery also tried making loaves bread always turn crumbly dough rise well even doubling leavening br br hope helps
just amazing ,much fun make soda much fizz syrup prefer hope might bring others much joy
very good pineapple,good product ordered twice shipments good quality prompt shipping ordering
lasting forever  tastes great  works great ,use cooking skin well pleasant light coconut smell cooking never noticed transfer coconut flavor foods cook good thing basically use pan fry various food items without worrying flavor conflicts br br works nicely skin moisturizer little greasy oil absorbs well smells good unless like coconut br br tried hair conditioner work well easy apply much end hair looks like washed maybe takes practice
holy yum  ,got nutiva coconut oil yesterday far exceeded expectations got oil use recipe pie crust since yesterday tried hair skin toasted cinnamon bread surprised great smelled blown away yummy tastes really wish would bought bigger jar something continue use long time thanks nutiva amazon br br update used oz jar months ordering oz jar blown away delicious stuff eat toasted bread time also use baked sweet potatos baked butternut squash cook pancakes stove skin hair considerably softer want tell everyone know stuff
mmmmmm yummy   ,usually buy kinds things could pass sale back tasty healthy treats perfect go snack school fruits flavor others raspberries probably favorite mmmmm mouth watering thinking complaint price little pricey girlfriend however like tastey treat may everyone taste testing somewhere could advised although sure could test
yummy flavors       ,good price cheap also salt ones also cannot go wrong
great organic juice for the lunch box,great juice lunch box feel great organic child loves juice
not the best  but better than most,two boys well first one little panther zipping yowling around house would anything especially bagels still cannot keep bagels house decided need playmate came across octavious silky current human called silky much comparison first cat felt like velcro petted could afford science diet seemed hate plain taste started mixing good life noticed energy love softer shiny coats less itchiness br br yes corn guess half things eat concerned wheat corn debate cat goes bread bagels anything tasting like wheat
a staple,drink english breakfast tea black tea every morning least cups much tasty cup coffee staple closet times
delicious ,meal replacement bars joke best protein bars ever br paired black coffee perfect breakfast run cutting back calories br also good pre workout meal br good
picture misleading,item come screw top container comes resealable plastic bag state item description missed
icky,love garden eatin icky love tamari taste good
yummy,coffee good added new flavor coffee loved diffently order
not gluten free,product comes gluten free search contains wheat therefore gluten free
super food at a super price,love new subscribe save feature amazon goji berries tend pricey since come area around himalayas great quality great price
dog loves them,friend recommended get dog rat terrier showed one day took get neutered dental cleaning since already placque tartar vet also recommended using dog loves strong smell chew gone smell using long enough see prevent tartar friend says dogs need cleanings
loved them ,vegan coworker always turns nose various treats around office thought would get something could enjoy expected well pretty veganly gross actually pretty tasty nice pizza flavor flax seed nice flavor
caramel flavor powder,absolutely thrilled caramel flavor powder got notification shipped yesterday arrived morning already used delicious happy product
potpourri,love white tea looking something new gave try since enjoyed rose hips tea thought would enjoy case vacuum sealed bag begin first opened tin next thing hit smell smells like potpourri gave chances every time rose powering even tried multiple steepings help mellow flavor rose still assault nose taste buds cannot even taste white tea rose also rose tea rose hips actual rose petals buying
good tasting tea,like oolong tea much mango flavor though nothing listed ingredients said mango calories g carbs bad would drink try ito en products
goji with coffee,bought health benifits work well tea instead put heaping scoop coffee grounds everymorning adds subtle fruit flavoring coffee everyone tries loves
bait and switch,dear amazon br purchase bait switch item ludens original menthol cough drops switched ludens cool menthol different ingredients different taste sent return label returned product never credited amex acct disappointed reported amazon action taken amazon terry fink
great coffee,using organic yuban coffee past months able get longer amazon tried one loved better yuban smooth good taste
true blue,odd people get passionate sweeteners almost like football teams buddy tolerate pink blue fan neither one us yellow fan though tolerate stevia regret costco longer carries blue get higher cost costco
amazing,bought unsalted knowing better also knowing salted would probably taste better wow amazing without salt really really like boyfriend eat whole bag bring mom aunt friends like
red star baking yeast,great way buy yeast works perfectly every time keep extra freezer future use
disappointed experience,ordered item business trip demonstration presenting ordered item received information shipping arrival time worried may arrive time presentation tried contact seller several times contact information provided seller never able make contact request phone call never answered needless say items arrive time presentation day still know ever arrived since still arrived time leave home bad experience seller
a really good product ,researching dog foods went wellness core little dog loves feed wellness core put canned pleased dog begs mealtime
did it again,bear naked took basic items put together delicious product high quality products realistic price
coffee,like coffee convienance ordering online however coffee orders would like shipped together
great energy booster,sure product would live ads gave energy boost needed needed work overnight shift
pretty good for crunchy,normally like crunchy bars hit miss proposition sometimes hard sometimes soft feel like goldilocks taste texture gets passing grade buy
shipping cost high  product excellent,received packets cat food quantity unclear advertising br packaging protected damage packets crystal glassware br shipping cost high amount product received br cat loves find alternative keep supply
used this for a starved rescue hound,involved dog rescue many years recently took large hound starved within inch life vet recommended addition many treatments holistic measures including yogurt try quickly get weight good nutrition dog would think starving dog would eat anything often times bake hound homemade meatloaf month wellness nutro canned dog foods could get eat gain weight steadily able wean human food well gaining lbs adopted wonderful family need best wellness brands would highly recommend
continuous creativity,second salt block first defective could live without one food fabulous done elk backstrap chicken mahi mahi vegtables incredible mahi mahi really favorite think could ever order star restaurant better clean easier stated
loving peter rabit products,yrs old months old love peter rabit products bought several flavors happy perfect snack easy carry easy eat mess free
so so,fast ship coffee smells tastes stale good way weed likes dislikes
made in china  causes some concerns,feeding dog years help joints especially hips ever since started treat meaning gave one morning another evening regained active self helped get interested regular meals win win situation finicky eater br br however would like note started treats made usa resentfully discovered produced china know china produces high end products real crap well however comes food products come overseas warning flag goes mind especially coming china personally never noticed anything odd year old dog reaction happy hips still decided want subject food product coming china br br anyone know another product like happy hips glucosamine joints produced usa
a favorite,baby usually fresh frozen food tried traveling loved gobbled entire bag months bag get messy oxo brand baby spoon works perfectly getting every last bite food bag
my kitten loves this food ,tried holistic brands kitten prefers fromm ingredients natural everybody read pet food labels food good gets buy kitty food animal products wheat corn great quality price reasonable
there is better out there,strong medium brew much better coffee people donut shop favorite unflavored coffee also cups cup box popped seal brewed caused grounds go coffee probably buy coffee
wonderfull,exactly used hot good last long time mouth great
sandra from wa,like cookies may problems stopping couple gluten wheat free great taste texture
disappointing  ,call bread telling truth mostly bread little flavoring inside buying item years gotten lousier every year first tasty lots cheese recognizale veges meats inside anymore decided try one time regret decision tasteless rolls bread cheese dry ohhh dry definitely never buy product thought might new chef find hard believe made cheaper poorer quality food without saving mind maybe like expensive dry tasteless hunks dough longer recommend product believe picture look like anymore
slightly spicy  good southwest peppery flavor,family loves mustard sandwiches like buy different kinds keep lunches interesting everyone liked jack daniel spicy southwest mustard smoky chipotle type taste texture mustard seeds contain jack daniels whiskey vinegar mustard seed horseradish sugar salt peppers cayenne pepper spices like contain preservatives artificial coloring br br plan use mustard coating marinade panko crumbs pork tenderloin tonight look forward trying jack daniel mustard varieties
pretty good for what i needed  as far as i can tell,biggest complaint product give guideline many give cat daily know cannot say specifically would probably depend issue trying treat could least say give anywhere day general would help lot vet recently went typical money man milks every person every dime quite frankly working cats first place obviously uncomfortable handling asked fiber options thing recommended science diet food getting high dollar paid selling known pushing brand office research find treats called possibly getting idea many feed daily course idea say vets days one word greed br br cat likes treats eat pretty much treat though surprise know working properly got help go bathroom often due anal gland issues far noticed anything
my cats are hooked on this stuff,shudder think might happen ever run treats br cats day complete treat time temptations br let know time loud clear br meow br meow br meow br meow
tasty addictive  may or may not relax you,love much tasty lovely natural color unlike diet coke redbull seem much relax definately tasty great soda fix cannot say relax people though
delicious  and very spicy ,sauce first introduced good friend mine phillipines back home sc would visit favorite thai restaurant bar always wondered sauce used spicy garlic chili paste sauce delicious pad thai noodles fish chicken pork anything else needs lil sprucing used sauce regularly years change brands thought tried lee kum kee version huey fong sambal oelek far best chili sauce ever tried
low cal  decent alternative to lemonade,like crystal light products tried past incredibly easy make mixes pretty well flavor good bit diet aftertaste br br thought decent alternative lemonade change pace calories per serving guilt free well huge plus
the best sweetner available,diabetic use aspertane found product could beleive tastes like sugar used cooking unfortunately sams clus lists pack vs
a new find for me,usually drink bigelow oolong tea grocer sometimes falls behind order teas kinds biggest sellers tried earl grey substitute waiting brand love new late evening tea highly recommend tea sometimes favorite new tea
hardy morning goodness ,always enjoyed oatmeal breakfast purchased sanyo rice cooker porridge setting bought mccann steel cut oatmeal try much flavorful regular oatmeal br br mccann rough cut bits whole oats cook hardy bowl goodness really stays morning satisfying keeping hand
dove chocolates,delicious br br like dark chocolate may care one favorites
great product,shall write ode oatmeal came time advertised tastes like chicken dummy like oatmeal
perfect ,purchased product make bridal shower cake though used product yet know going perfect need would buy seller
buy them off the shelf,years lu could find local market usa lu good belgium biscuits happy find amazon past july bought case six boxes unfortunately taste fresh expiration date dec explained stale taste chose return instead nuke two microwave seconds sort revives flavor br br well last week sept found belgium lu local supermarket bought single box box expires dec year cookies definitely taste better moral story buy read expiration date surmise year two shelf life right
charms sweet pops    count,excellent sucker never tried great flavors pretty good sized pops well shape little odd mouth first get used pretty quick br last good long time well cannot beat price two pack
do these things work,started giving dog avoid teeth cleaned cost times human cleaning see worked next vet appointment
my dogs love them,dogs love pricey treat tho br notice change teeth plaque stayed even tho gave dog times day months still needed go vet deep teeth cleaning
dixie fruit cake mix review,used mix years best happy know could order amazon service product perfect
product great  shipping problems,formula great babies like organic lined plastic less chance containing bpa although product great problems amazon shipping us put cans oversize box without enough padding moving around banging cans dented dented cans opened exposing formula air spilling ordered another online retailer packaging great four cans box boxes larger shipping box amazon bit cheaper subscription service makes convenient deal several cans shipment unusable improve shipping highly recommend product especially subscription service
yum ,someone allergic corn soy wheat original pop chips must pantry finally nachos think taste much better traditional chips family finally tried foods eat taste good hooked chips like gold house
am not what they used to be ,keebler danish wedding cookie used used sinfully delicious another sweet tasteless nothing cookie shame ate child bought box today ewe somebody cut corners somewhere flavor used
i am addicted,read bad reviews product concerned however ordered anyway glad snack delicious agree viewers gets sticky mouth gums teeth temporary mouth clears quickly big deal least bought also grandson highly allergic foods market unless fresh fruits vegetables gives little variety easily packed away diaper bag snacks day wish expensive seems everything exceptional life cost much
good salt,never tried himalayan salt really like think strong normal white table salt tastier continue buy
delicious ,absolutely delicious hemp seeds add two tablespoons cereal every day adds wonderful nutty flavor plus many nutritional benefits highly recommend
love it ,ordered sale product could beat price fresh tasty
a household favorite,kids absolutely love annie shells white cheddar friends found even pickiest eaters cannot wait get hands white cheddar shells easy make price makes great value happy customer always hand use instant mac cheese brands house
excellent for low sodium diet,first purchase directly edietshop get products cheaper least shipping cost br br bernard sugar free biscuit mix pretty good great good enough br br use whole directions tell simply mix three fourths cup water form biscuits bake result dozen rock hard biscuits claim get biscuits guess true like half dollar size simply rise br br use full cup water sometimes little also mix yeast least half tablespoon tablespoon mix well let sit hour rise mix let rise br br form biscuits cookie sheet let rise hour br br normally get average sized biscuits using method large enough make sausage biscuit sandwiches br br taste still equal biscuits buy store however sugar free low sodium also pretty low fat using yeast method hard br br pretty expensive biscuits said done however need biscuits sugar free well low salt content bernard fit bill
not my cup of tea,let start saying love genmaicha drink close cups day saw great star reviews tea good price decided buy yuk full steams green tea leaves awful tea taste right really disappointed know anyone would give tea stars two ounce bags tea like would recommend tea anyone
i really love these   but   ,really super delish perfect carmel apples reason one star deduction reviewers shipping packaging aweful coming packaging envelope box nutritional information really love buy get together packaging please
wow and yum over in afghanistan,amazing stuff especially amazon prime pb apo amazon prime almost like home taste better real peanut butter endless recipes try br br use shaker cup chocolate shakeology tbsp pb oz milk get least one healthy meal per day
menopause relief,wanted natural product help hot flashes night sweats makes incredible difference quality life sleep significant decrease symptoms almost immediately let steep cup minutes trouble taste add sugar little peppermint extract pleasant drink cup morning evening able sleep much better also find exhausted dont anxious feeling would advise anyone try helped much
healthy and tasty cereal,post shredded wheat refined shredded wheat cereals produced competitors e feel rough mouth healthy breakfast item tasty need added sugars artificial sweeteners br br subscription discount price posting ounce boxes competitive brick mortar supermarkets metropolitan new york area hope price lasts convenient delivered right doorstep
good for the price of      ,managed find box frys grocer usually wanted try see compared regular choco chip cookies easy make butter didnt realize till good anyway kinda crispy like much better cooker doughie ones mall would buy sale dont think would pay mix nt make cake knows
love it ,stuff wonderful like carbonated drinks sweetness strange ingredients use small amount syrup lemon juice great
the only place to buy this    ,beautiful job stevia extract wonderful flavor cold drinks oatmeal nearly anything amazon place buy absolute best price superb delivery second count bag stevia via amazon way stevia actually packaged white envelopes blue envelopes shown advertisement envelopes come clear plastic bag best open close nylon strap closure ever seen get moneys worth
gumballs sugar free,purchased go gumball machine purchased niece loves gum br balls mom loves sugar free
agree  this stuff is horrible,agree woman arizona starbuck espresso roast burned bitter already knew like purchased bag whole beans ran favorite black cat intellegentsia starbucks beans burned black oily starbucks espresso expobar terrible virtually crema bitter sour believe starbucks gets away selling crud anyway shipment black cat came days later difference night day good machine using starbucks favor seek truly good coffee give try
nothing was sent  all contact cut off,placed order october contact response e mails website taken product sent nothing received
try it considering the price,little wary buying product first since typical big name brands nestle cadbury however taste amazing probably par terms taste best part need worry serving cookies muffins breads whenever kid friends since gluten dairy soy free highly recommend trying considering price shabby either
fresh and clean fountain for my cats,local pet store filters ordered amazon best price web arrived promptly
good,definitey go wrong nylabone keep dog busy hours good teeth well reccommend people dogs heavy chewers
hooray for good cake   ,grainy strange texture going excellent products family really enjoys even husband gluten free
great nutty flavor,like put scoop hemp powder breakfast cereal sprinkle salad even mixed bowl rice add bit protein meal like nutty flavor prefer rice soy protein powders tend taste powdery
skip this  get the    ,find waxy bland right balance chocolate sugar opinion
great cookies    period,purchased gluten free cookies available amazon local stores best bunch like wafer cookies good whether eat gluten grew eating cookies wheat compete normal wafer cookie would go far would blue diamond nut thin crackers would say better regular crackers least good cookies serve friends wince even know eating gluten free bite glutino flavors bad either chocolate best find chocolate tends help mask glutin free flour taste cookies br br would recommend caution shipping summer likely recieve cookie block rather individual wafers although cookie block pretty tasty also added bonus anyone shipping apo dpo ship addresses caution heat especially shipping afghanistan summer
healthy   delicious ,tried many kind bars found almond walnut macadamia protein absolute favorite looking bar low sugar content one fits bill better others eat one bars morning packed whole nuts absolutely delicious chose receive amazon automatic delivery less expensive paying per bar organic section local supermarket
hot and authentic,become favorite salsa authentic like salsa would served little mexican restaurant california definitely add mexican dishes give good heat flavor prefer eat chips
great version of chai tea,far away favorite chai tea drink meant served type sweetener milk recommends box prefer standard chai sitting next box tazo chai always grabbing bag stash decaf vanilla chai
baby loves it ,baby eaten since months old still loves occasion pinch even though months definitely eat regular salmon particularly adventurous eater think due comparison friends similarly aged children maybe best try buying bulk loved right away warm period
very tasty  if you can taste it,love hot sauce sauces hot one good flavor one nice taste use kinds things thick like bbq use drop favorite use dry roasted peanuts put drop cup nuts put something lid shake coat delicious addicting seriously hot though one friends eat cheerfully think tabasco sauce hot think jalepenos hot br br keep away kids away eyes
so addicting,jack links peppered beef jerky medallions simply addicting amazing things last long around house medallions usually last couple days jerky always delivered super fast super fresh
way too sweet  ,got walmart like saw list things really excited br br way sweet even tried tone using another sauce nope overpowered used emeril roasted red pepper try tone went mezzetta sauce emeril sauce still overpowered br br guess like sweet might alley actually thowing away last quarter bottle br br gia russa cheap brands like ragu prego stand chance
vanilla powder is necessary for happiness,best vanilla powder says choice sprinkles evening ice cream indulgence intense vanilla flavor bursts keep ordering please keep stock
best tasting protein bars ever,tried lot different bars best far love flavors
a hearty muesli,like enough subscribe save goes well yogurt usually add blueberries dried cranberries seasonal fruit muesli bit heavy sesame seeds usually mix cereal granola generic muesli nothing like boxed swiss muesli familia etc seem sweetened ground tiny pieces similar super market variety mostly processed flakes muesli seems good mix grains nuts seeds small amount dried fruit
awful   dry   flavorless,really terrible easy find truly nut egg free food items thought would try br dry cardboard flavorless really really really awful
versatility plus ,quinoa adapts variety seasonings sweet savory requires short cooking time br would excellent item emergency food preparedness uses little scarce cooking fuel prepare combined foods storage items tailor family taste
loved the sugar free hot cider,plan order cider bit sweeter typically like however like taste much caramel flavor blended well apple cider flavoring great buy
excellent device,excellent device could used general purpose bowl prefer save eggs scrambled omelettes particularly handy
did not taste above and beyond much cheaper brands,buy simply worth dollars tasted different grocery store brands disappointed
yummy  natural  organic treat,year old several food allergies find breakfast foods treats like regular store items loves tasty pastries love fact natural organic br highly recommend children
spicy delicious corn salsa    even padroa likes   ,enjoying spicy spicy corn salsa also added extra lime put fresh caught fish recently big hit fish chicken pork blessings
my kitty loves it ,story goes adopted cat agency last summer always grown dogs cats went ahead wandered target get bag friskies week later kitty named sugar starting vomiting confused assumed wet food feeding morning changed changed results took vet asked checked said likely problem sensitive stomach recommended science diet bam cat great lost little bit weight right size vomit anymore food works works well read negative review would say problem unique cat cat loves brilliantly
outdated,bought box thekind bars back july year delicious ws eating one day noticed experation date april good needless say buying line food item could understand month date year months come ridiculous
good stuff,item promised really read order pleasantly surprosed receive six bottles really good product someone go tired generic tasting veggies recommend
do not let the large size put you off     ,recommended suitable cats received appeared far large kids tried dogs acquaintances absolutely loved love realized easily broken smaller pieces tossed bits kitties dishes also clamored unlike cat treats would say give try
very good tea,great tea highly recommend davidson teas really glad discovered family chamomile rooibos hibiscus green teas price great get organic tea high quality quantity br br rooibos tea like green black tea found rich anti oxidants flavonoids fact rooibos tea found much times sod green tea also anti oxidants found teas br br effect free radicals product normal cell function process aging declining immune system limited anti oxidants rooibos tea br br rooibos tea completely pure natural contains additives preservatives colorants soothing drink people calorie restricted diet without adding kilojoules br rooibos tea also strongly recommended people suffering irritability headaches disturbed sleeping patterns insomnia nervous tension mild depression hypertension rooibos tea contains caffeine therefore soothing effect central nervous system rooibos tea also low tannin therefore negative effect absorption iron proteins body br br rooibos tea anti spasmodic properties thus relieving stomach cramps colic infants rooibos tea also relieves stomach indigestive problems like nausea vomiting heartburn stomach ulcers constipation br br furthermore rooibos tea also supplements daily amounts calcium manganese especially fluoride needed development strong teeth bones contains zinc alpha hydroxy acid promotes healthy skin magnesium necessary healthy nervous system br br rooibos tea soothing effect skin relieving itching certain skin irritations like eczema nappy rash acne directly applied affected area
salty leather strips,like beef jerky dry salted super tough oberta peppered thin style sure please despite tough first place poor meat quality contained large amounts gristly material simply could chewed peppered flavoring bad notable highlight otherwise terrible product two stars review otherwise worst quality jerky ever tried
not even close to    varieties  ,wanted spicy eggnogs would bought box spicy eggnog butter toffee truly dissapointing would sure like know plan fix chose many different types could try without buying entire box guess got scammed big time saw list knew would exact mine looks like winter seasonal variety lots gingerbread eggnog pumpkin spice want variety
i love this granola ,tried flavors cranberry vanilla favorite fresh crunchy delicious love new packaging tasty mixed greek yogurt packages month almost enough eagerly awaiting next shipment
very pleased,milk fresh one pick store reason hestitated order online however turned good price good comparation pick store delivers front door would recommend product friend
a great hard to find cereal offline,difficult find good gluten free options local stores pleased able pick case chocolate chex cereal amazon think ever seen chocolate version chex locally get bit boring eatig regular chex chocolate chex become big favorite like chex probably like chocolate chex version either celiacs fantastic option
picky tea lover would recommend,first tried tea year ago instantly love tea light rich taste roasted rice lends well almost gives tea buttery quality quality tea leaves great beautiful deep green color tea worth price comes added bonus buy online get two tins instead one perfect gifting sharing tea tea would serve someone claims hate green teas showcase variety green teas
vegan in a can ,raised vegetarian recently ventured world vegans also raised eating cedar lake hostess cuts say meatless vegan cutlet pretty tasty great hand family members drop need something tasty feed crowd hungry vegetarians vegans prepared variety ways people used eating meat may take getting used taste texture gluten free diet find another meat substitute since grain based otherwise great alternative meat
smokey and natrual,smoked salmon comes sealed metalized pouch two pouches pretty cardboard box pouch needs refrigerated opened unopened second pouch keeps room temperature pouch contains nearly whole fish filleted boneless still looks like fish skin one side like skin totally edible want skin easy peel thus serve fish flesh side skin side depending want appear fish smoked flakey like smoked salmon lox sold grocery stores comes thin bright salmon colored slices fish sliced flakes easily bit like high quality canned tuna find great sandwiches smoosh bread fork thick put salads omelette flakey pieces solid slices fish wonderful smokey aroma taste also fishy smell taste nice fishy unpleasant fishy smell people think tell something smells fishy clearly natural fish like product processed smoked salmon lox usually sold deli thought quality texture flavor outstanding pretty picky fish seafood rate five stars counts understand product getting
light but filling   ,excellent snack food hold one next meal light filling amazed much one bag tried flavors yet ones enjoyed bbq sea salt honey mustard salt vinegar good would like bit flavor salt vinegar still tasty
mackintosh toffee,received toffee ordered within days always bought toffee bar thought would try pieces time taste good bar buy
yum,oz bag ordered contained plenty peppers excellent dried condition like hot peppers spicy food pleased careful use ca handle
my favorite brand of green tea,love stash premium green tea tons brands green tea instant cup hot green tea stash fragrant
mashups a hit with my kids ,amazon com best price mashups sister recommended become two four year olds favorite snacks feel good giving maships organic added sugar ingredients recognize mashups instead fruit snacks snacktime tasted pretty good kids think fun squeeze eat great portable snacks
great  but   ,amoretti premium hazelnut syrup ml delicious issue tall bottle pump fit pantry pump also awkward extend far enough difficult use
hazelnut    our favorite,favorite k cup gloria jean hazelnut tried brands preferred always
no complaints,quite products shown photo recipients happy brand names pictured br br bummer even though card wrote showing fitted received actual paper card message truncated
    ,pack including h kidding sodas favorite soda worth ounce crazy
dogs just did not like it ,dogs nobody wanted eat sure great quality want dogs eat something like stick royal canin stars package thick zip lock
great ,make less salty gravies tend add one extra cup water tablespoon corn starch plus herb seasoning one visitor licked plate
deserves   stars ,makes best pancakes ever even used substitute evil gluten filled flour recipes made bread cookies pancakes cakes brownies even pizza crust keep buying frequently since go quickly even passed taste tests without gluten problems fantastic celiac dream come true
great for your health,arrived time deal glad could find product amazon used feel like im getting sick br thanks
great northern popcorn is great ,love man cave basement popcorn machine friends family love popcorn pop use nothing great northern also small machine main area house use nothing great northern well great taste tasteful seasonings includes seasonings oil love
low acid,low acid diet coffee work used years buy beans grind fresh
i have three cats that insist on getting their  crunchies  ,cats love flavors temptations experience different flavors enjoy one another know feed rotation different flavor time seem enjoy flavors
tasty treats but they should rethink packaging,got samples mail lime pineapple jivealime flavor pretty good overall flavors tad sweet fun snacks definitely try fruit br br would rethink packaging though bit loud plastic like certainly look eco friendly tasty product
hmm hmm pretty good,love cereal especially love honey flake cereals found one yet rate stars would say href
fast shipping,shipping fast product unfortunatley ordered send back
wow ,great addition shakes flavor peanut butter small amount calories fat buying
great taste,bought give away halloween success especially moms great taste good
mira azul coconut water is great tasting ,found self really liking drink let everyone little secret get cheaper price amazon com priced fluid oz available dollar tree stores us would rather buy cans amazon cans dollar tree store think would rather buy later plus pay shipping added order online little helpful info anyone wanting save money also work affiliated dollar tree stores cheers br br link br br
best gluten free pasta on the market   ,tried every gluten free pasta available hands best riso bello improved already great product adding buckwheat mix pasta cooks perfectly al dente minutes remember always salt water like sea actually think better regular pasta pre celiac diagnosis past life celiac gluten free friends disappointed product
delicious  with a catch   ,love things eating one bars highly reminiscent snarfing handful super sweet wafer cookies unhealthy refined yumminess problem despite gr protein find bars utterly unsatisfying someone needs make sure every calorie counts bigtime cannot afford eat protein bar carry next mealtime unfortunately devoured one time single sitting believe purchased single bar grocery store recently treat never buy whole box bars ever taste great question though detect protein aftertaste get cramming throat two time unless course self control
love these ,cannot find store love eating years
broken chips,visible package damage bag opened small pieces broken chips yes taste okay eat
good taste   but,good rich cookies would buy amazon poorly packed half falling apart already crumbs go back buying locally
wonderful treat but does not last as long as other rawhide,pound puppy goes crazy really loves heaven chewing one last minutes looking something lasts much longer biscuit need last hours like rawhide treats perfect
quite tasty,great texture much like regular left meat makes good homemade hash different canned corned beef grew fine textured kind like libbys hormel br br must shop around price prices vary considerably also live area good asian grocery stores often find avoid paying shipping br br cooking tip meat fair amount moisture fat heat gently sauce pan fat moisture separate dump wire strainer back pan makes much leaner tastier result
amazing dutch cheese,cheese may distinctive aged taste say old amsterdaam vlaskaas absolutely dream purchased cheese try something different cheese disappoint mellow enough snacking yet refined enough serve heartier full bodied wines certainly need kind cheese expert able enjoy satisfying cheese doesnt taste anything like tiny round wheels grocery stores
tastes like real expresso,timothy world coffee k cups decaf rainforest espresso extra bold keurig brewers tastes like regular br espresso strong bitter decaf taste like drink time br even evening quite amazing
my son likes this almost as much as bubble gum with sugar,holds flavor texture much better xylitol gums tried good flavor fruit kids adults
pretty good decaf,switched decaf looking decent cup keurig machine interested subscribe save options br br fairly light roast like brew middle setting think brewed larger would think light
excellent dog food for some,year male old lab mix numerous problems allergies skin irritations digestive issues could fixed steroid injections expensive medications young fed beneful okay bit would medical issues expensive medical treatment would get back normal short time next outbreak tried everything supplement pills different foods allergy medication steroids limited diet nothing seemed work would get better back bad constantly itching chewing skin looked miserable seemed though cycle would never end br br visiting brother owns collie recommended food kept commenting healthy looked soft fur hesitant first tried much nothing seemed work gave wellness super mix whitefish sweet potato chance say longer skin irritations fur shinny soft lot energy overall would say best health every change came weeks eating food use bath week wellness food bath maybe month br br say food effect every dog others stated dog loose stool issues dogs simply refusing eating food true dog allergies ever figured worked one dog fine would buy one type food non allergic dog began eating wellness immediate issues loose stool upset stomach keep old food average food would find pet store br br give shot exhausted efforts say dog best health ever due better diet attention help wellness would recommend food anyone shares similar dog problems experienced
great tasting syrup,starbucks fan like taste hot chocolate sweet like bitter taste chocolate made syrup trying get right taste well searched found torani original mocha sauce buy case needless say make hardly ever stop starbuck
faygo diet grape,product arrived great condition tasted great main complaint exorbitant cost almost twenty dollars originally although seller later credited two dollars completed review service excellent time added shipping costs almost thirty dollars tied pack pop live without future
crunchy  tasty  wholesome,marvelous crunchy treat acceptable even finicky toddler wonderful salsa sour cream hot spinach artichoke dip many ways used different fat cook label currently says safflower canola would perfect love free gmo would even happier contained healthy fat lard coconut oil even olive sunflower grapeseed would improvement
does not live up to claims,directions state squeeze per oz water two squeezes average bottle water drink label also says servings oz bottle sure squeezed much far sweet tried one quick squeeze still tasted sweet expecting problem product boasting zero sugar tried removing label check level energy drink bottle opaque br br drink uses word energy exactly expect despite vitamins feel boost even call refreshing br br would rather drink plain water
super strong uncandy,strong breath freshener really candy extreme licorice really enjoy taste similar sen sen floral probably iris powder would say perfumey flavor versus somewhat soapy flavor sen sen strong bitter little squares children new initiates probably dislike adults enjoy spicy food bitter salad greens esb beers like mints quite pleasant twist open tin much nicer way carry mints sen sen foil paper packet even though may seem expensive first end lasting long time much acquired taste certainly taste worth acquiring
this used to be my favorite ,used favorite coffee hit miss never get fresh beans anymore longer accept returns feel cheated especially price think worth anymore one end seems care anymore shame
experimenting   ,directions indicate massage scalp hair much wet hair dry hair much like tanning oil beachy youth easy use much oily mess tropical fragrance hanging dear life use sparingly scalp massage comb brush hair distribute teeny bit go long way opt put directly hair prepared hair residue like glossing oil figuring fits styling aids hot tools beyond hair dryer issue may rocking wash wear hair often br br step soothe ultra shea line br br update nozzle compared pumps many serums provides control amount product used started putting hair ponytail get home evenings applying drops ends braiding tucking ends inward close scalp ends get extra tender loving care
best licorice ever made ,gimbal licorice scotties best tasting licorice ever reminds licorice child years ago
olive oil,see cook illustrated july august issue columela extra virgin olive oil br highly recommended
non dairy   perfect   ,ghirardelli double chocolate mix absolutely godsend someone lactose intolerant like almost impossible trying find hot chocolate mix already sort powdered milk mix add hot milk case lactose free lactaid brand milk actually also tried hot water still good thick rich sweet wonderful thrilled enjoy hot chocolate thank ghirardelli two thumbs
beware  its addicting,traveling regularly ca would pack dry ice bring home florida would amaze friends rich delicious flavor texture get chance visit store sunnyvale try flavors beware become addicted
you can smell the cinnamon buns  ,first tasted cinnamon bun flavored coffee seattle best actually named cinnabon loved excited see flavor k cups nervous would taste good well good better love smell brewing running coffee cup kudos donut house brand
k cups from neuman,neuman k cups good great price found like milder blend hearty blend
very tasty,without going actual health benefits commenting tasty bars chocolaty delicious definitely purchase
very dark and bold,one favorite k cups last several months sampled pretty much extra bold ones find one dark strong without bitter although mind little bit bitterness mine similar green mountain dark magic variety find stronger perhaps little bitter reference favorite k cup starbucks french roast variety also really like kind green mountain dark magic emeril big easy bold
good n hot,fan kettle style chips past make exception chips got burn going looked truly hot chip time fall seriously short appreciative heat level chips overwhelmed hot say covers taste actually could use somewhat hotter disappointment good heat great beer
saved my diet,found item line lowcarbcanada tried wonder wonders wonderful allows keep appropriate points wonderful chicken turkey pork thanks cp
